,id,full_name,first_name,last_name,is_active
0,1630173,Precious Achiuwa,Precious,Achiuwa,True
1,203500,Steven Adams,Steven,Adams,True
2,1628389,Bam Adebayo,Bam,Adebayo,True
3,1630534,Ochai Agbaji,Ochai,Agbaji,True
4,1630583,Santi Aldama,Santi,Aldama,True
5,1629638,Nickeil Alexander-Walker,Nickeil,Alexander-Walker,True
6,1628960,Grayson Allen,Grayson,Allen,True
7,1628386,Jarrett Allen,Jarrett,Allen,True
8,1630631,Jose Alvarado,Jose,Alvarado,True
9,203937,Kyle Anderson,Kyle,Anderson,True
10,203507,Giannis Antetokounmpo,Giannis,Antetokounmpo,True
11,203648,Thanasis Antetokounmpo,Thanasis,Antetokounmpo,True
12,1630175,Cole Anthony,Cole,Anthony,True
13,1628384,O.G. Anunoby,O.G.,Anunoby,True
14,1627853,Ryan Arcidiacono,Ryan,Arcidiacono,True
15,1630166,Deni Avdija,Deni,Avdija,True
16,1629028,Deandre Ayton,Deandre,Ayton,True
17,1628962,Udoka Azubuike,Udoka,Azubuike,True
18,1630641,Ibou Badji,Ibou,Badji,True
19,1628963,Marvin Bagley III,Marvin,Bagley III,True
20,1631116,Patrick Baldwin Jr.,Patrick,Baldwin Jr.,True
21,1630163,LaMelo Ball,LaMelo,Ball,True
22,1628366,Lonzo Ball,Lonzo,Ball,True
23,1628964,Mo Bamba,Mo,Bamba,True
24,1631094,Paolo Banchero,Paolo,Banchero,True
25,1630217,Desmond Bane,Desmond,Bane,True
26,1630625,Dalano Banton,Dalano,Banton,True
27,1631230,Dominick Barlow,Dominick,Barlow,True
28,203084,Harrison Barnes,Harrison,Barnes,True
29,1630567,Scottie Barnes,Scottie,Barnes,True
30,1629628,RJ Barrett,RJ,Barrett,True
31,203115,Will Barton,Will,Barton,True
32,1629646,Charles Bassey,Charles,Bassey,True
33,1628966,Keita Bates-Diop,Keita,Bates-Diop,True
34,201587,Nicolas Batum,Nicolas,Batum,True
35,1629647,Darius Bazley,Darius,Bazley,True
36,203078,Bradley Beal,Bradley,Beal,True
37,1627736,Malik Beasley,Malik,Beasley,True
38,1630699,MarJon Beauchamp,MarJon,Beauchamp,True
39,202722,Davis Bertans,Davis,Bertans,True
40,201976,Patrick Beverley,Patrick,Beverley,True
41,1630180,Saddiq Bey,Saddiq,Bey,True
42,203920,Khem Birch,Khem,Birch,True
43,1629048,Goga Bitadze,Goga,Bitadze,True
44,202687,Bismack Biyombo,Bismack,Biyombo,True
45,1631205,Buddy Boeheim,Buddy,Boeheim,True
46,203992,Bogdan Bogdanovic,Bogdan,Bogdanovic,True
47,202711,Bojan Bogdanovic,Bojan,Bogdanovic,True
48,1629626,Bol Bol,Bol,Bol,True
49,1630195,Leandro Bolmaro,Leandro,Bolmaro,True
50,1626164,Devin Booker,Devin,Booker,True
51,1630527,Brandon Boston Jr.,Brandon,Boston Jr.,True
52,1628449,Chris Boucher,Chris,Boucher,True
53,1630547,James Bouknight,James,Bouknight,True
54,1631123,Jamaree Bouyea,Jamaree,Bouyea,True
55,1628396,Tony Bradley,Tony,Bradley,True
56,1631103,Malaki Branham,Malaki,Branham,True
57,1629714,Jarrell Brantley,Jarrell,Brantley,True
58,1631128,Christian Braun,Christian,Braun,True
59,1628969,Mikal Bridges,Mikal,Bridges,True
60,1629052,Oshae Brissett,Oshae,Brissett,True
61,1627763,Malcolm Brogdon,Malcolm,Brogdon,True
62,1628415,Dillon Brooks,Dillon,Brooks,True
63,1628971,Bruce Brown,Bruce,Brown,True
64,1627759,Jaylen Brown,Jaylen,Brown,True
65,1631112,Kendall Brown,Kendall,Brown,True
66,1629650,Moses Brown,Moses,Brown,True
67,1628425,Sterling Brown,Sterling,Brown,True
68,1630535,Greg Brown III,Greg,Brown III,True
69,1628972,Troy Brown Jr.,Troy,Brown Jr.,True
70,1628973,Jalen Brunson,Jalen,Brunson,True
71,1628418,Thomas Bryant,Thomas,Bryant,True
72,203493,Reggie Bullock,Reggie,Bullock,True
73,202692,Alec Burks,Alec,Burks,True
74,1629126,Deonte Burton,Deonte,Burton,True
75,1630215,Jared Butler,Jared,Butler,True
76,202710,Jimmy Butler,Jimmy,Butler,True
77,1631219,John Butler Jr.,John,Butler Jr.,True
78,1631288,Jamal Cain,Jamal,Cain,True
79,203484,Kentavious Caldwell-Pope,Kentavious,Caldwell-Pope,True
80,1630267,Facundo Campazzo,Facundo,Campazzo,True
81,1628427,Vlatko Cancar,Vlatko,Cancar,True
82,203991,Clint Capela,Clint,Capela,True
83,1630176,Vernon Carey Jr.,Vernon,Carey Jr.,True
84,1628975,Jevon Carter,Jevon,Carter,True
85,1628976,Wendell Carter Jr.,Wendell,Carter Jr.,True
86,203487,Michael Carter-Williams,Michael,Carter-Williams,True
87,1627936,Alex Caruso,Alex,Caruso,True
88,1630577,Julian Champagnie,Julian,Champagnie,True
89,1630551,Justin Champagnie,Justin,Champagnie,True
90,1631113,Kennedy Chandler,Kennedy,Chandler,True
91,1631108,Max Christie,Max,Christie,True
92,1630528,Josh Christopher,Josh,Christopher,True
93,1629634,Brandon Clarke,Brandon,Clarke,True
94,203903,Jordan Clarkson,Jordan,Clarkson,True
95,1629651,Nic Claxton,Nic,Claxton,True
96,1629599,Amir Coffey,Amir,Coffey,True
97,1628381,John Collins,John,Collins,True
98,1628380,Zach Collins,Zach,Collins,True
99,201144,Mike Conley,Mike,Conley,True
100,1626192,Pat Connaughton,Pat,Connaughton,True
101,1641645,Xavier Cooks,Xavier,Cooks,True
102,203496,Robert Covington,Robert,Covington,True
103,1628470,Torrey Craig,Torrey,Craig,True
104,203109,Jae Crowder,Jae,Crowder,True
105,1629633,Jarrett Culver,Jarrett,Culver,True
106,1630595,Cade Cunningham,Cade,Cunningham,True
107,203552,Seth Curry,Seth,Curry,True
108,201939,Stephen Curry,Stephen,Curry,True
109,1630700,Dyson Daniels,Dyson,Daniels,True
110,203076,Anthony Davis,Anthony,Davis,True
111,1631098,Johnny Davis,Johnny,Davis,True
112,1629056,Terence Davis,Terence,Davis,True
113,1631120,JD Davison,JD,Davison,True
114,1630620,Darius Days,Darius,Days,True
115,201942,DeMar DeRozan,DeMar,DeRozan,True
116,203473,Dewayne Dedmon,Dewayne,Dedmon,True
117,203521,Matthew Dellavedova,Matthew,Dellavedova,True
118,1628978,Donte DiVincenzo,Donte,DiVincenzo,True
119,1631217,Moussa Diabate,Moussa,Diabate,True
120,1629603,Mamadi Diakite,Mamadi,Diakite,True
121,1628977,Hamidou Diallo,Hamidou,Diallo,True
122,203476,Gorgui Dieng,Gorgui,Dieng,True
123,1631172,Ousmane Dieng,Ousmane,Dieng,True
124,203915,Spencer Dinwiddie,Spencer,Dinwiddie,True
125,1629029,Luka Doncic,Luka,Doncic,True
126,1628416,Tyler Dorsey,Tyler,Dorsey,True
127,1629652,Luguentz Dort,Luguentz,Dort,True
128,1630245,Ayo Dosunmu,Ayo,Dosunmu,True
129,1629653,Devon Dotson,Devon,Dotson,True
130,1630288,Jeff Dowtin Jr.,Jeff,Dowtin Jr.,True
131,1628408,PJ Dozier,PJ,Dozier,True
132,201609,Goran Dragic,Goran,Dragic,True
133,203083,Andre Drummond,Andre,Drummond,True
134,1630537,Chris Duarte,Chris,Duarte,True
135,1630561,David Duke Jr.,David,Duke Jr.,True
136,1627739,Kris Dunn,Kris,Dunn,True
137,201142,Kevin Durant,Kevin,Durant,True
138,1631105,Jalen Duren,Jalen,Duren,True
139,1631106,Tari Eason,Tari,Eason,True
140,1630162,Anthony Edwards,Anthony,Edwards,True
141,1630556,Kessler Edwards,Kessler,Edwards,True
142,1631165,Keon Ellis,Keon,Ellis,True
143,203954,Joel Embiid,Joel,Embiid,True
144,1629234,Drew Eubanks,Drew,Eubanks,True
145,1628981,Bruno Fernando,Bruno,Fernando,True
146,1627827,Dorian Finney-Smith,Dorian,Finney-Smith,True
147,1630201,Malachi Flynn,Malachi,Flynn,True
148,1631323,Simone Fontecchio,Simone,Fontecchio,True
149,1627854,Bryn Forbes,Bryn,Forbes,True
150,1630235,Trent Forrest,Trent,Forrest,True
151,1630701,Michael Foster Jr.,Michael,Foster Jr.,True
152,203095,Evan Fournier,Evan,Fournier,True
153,1628368,De'Aaron Fox,De'Aaron,Fox,True
154,1628365,Markelle Fultz,Markelle,Fultz,True
155,1629117,Wenyen Gabriel,Wenyen,Gabriel,True
156,1629655,Daniel Gafford,Daniel,Gafford,True
157,201568,Danilo Gallinari,Danilo,Gallinari,True
158,1629636,Darius Garland,Darius,Garland,True
159,1630586,Usman Garuba,Usman,Garuba,True
160,1630568,Luka Garza,Luka,Garza,True
161,200752,Rudy Gay,Rudy,Gay,True
162,202331,Paul George,Paul,George,True
163,201959,Taj Gibson,Taj,Gibson,True
164,1630581,Josh Giddey,Josh,Giddey,True
165,1628983,Shai Gilgeous-Alexander,Shai,Gilgeous-Alexander,True
166,1630264,Anthony Gill,Anthony,Gill,True
167,1631221,Collin Gillespie,Collin,Gillespie,True
168,203497,Rudy Gobert,Rudy,Gobert,True
169,1630692,Jordan Goodwin,Jordan,Goodwin,True
170,203932,Aaron Gordon,Aaron,Gordon,True
171,201569,Eric Gordon,Eric,Gordon,True
172,1628984,Devonte' Graham,Devonte',Graham,True
173,203924,Jerami Grant,Jerami,Grant,True
174,1631260,AJ Green,AJ,Green,True
175,201980,Danny Green,Danny,Green,True
176,203110,Draymond Green,Draymond,Green,True
177,203210,JaMychal Green,JaMychal,Green,True
178,1630224,Jalen Green,Jalen,Green,True
179,1629750,Javonte Green,Javonte,Green,True
180,201145,Jeff Green,Jeff,Green,True
181,1630182,Josh Green,Josh,Green,True
182,1631100,AJ Griffin,AJ,Griffin,True
183,201933,Blake Griffin,Blake,Griffin,True
184,1629656,Quentin Grimes,Quentin,Grimes,True
185,1629060,Rui Hachimura,Rui,Hachimura,True
186,1630169,Tyrese Haliburton,Tyrese,Haliburton,True
187,1631160,Jordan Hall,Jordan,Hall,True
188,1630181,R.J. Hampton,R.J.,Hampton,True
189,203501,Tim Hardaway Jr.,Tim,Hardaway Jr.,True
190,201935,James Harden,James,Harden,True
191,1630702,Jaden Hardy,Jaden,Hardy,True
192,1631199,Ron Harper Jr.,Ron,Harper Jr.,True
193,1626149,Montrezl Harrell,Montrezl,Harrell,True
194,203914,Gary Harris,Gary,Harris,True
195,203925,Joe Harris,Joe,Harris,True
196,1630284,Kevon Harris,Kevon,Harris,True
197,202699,Tobias Harris,Tobias,Harris,True
198,1628404,Josh Hart,Josh,Hart,True
199,1628392,Isaiah Hartenstein,Isaiah,Hartenstein,True
200,2617,Udonis Haslem,Udonis,Haslem,True
201,1630573,Sam Hauser,Sam,Hauser,True
202,1629637,Jaxson Hayes,Jaxson,Hayes,True
203,1630165,Killian Hayes,Killian,Hayes,True
204,202330,Gordon Hayward,Gordon,Hayward,True
205,1627823,Juancho Hernangomez,Juancho,Hernangomez,True
206,1626195,Willy Hernangomez,Willy,Hernangomez,True
207,1629639,Tyler Herro,Tyler,Herro,True
208,1627741,Buddy Hield,Buddy,Hield,True
209,1629312,Haywood Highsmith,Haywood,Highsmith,True
210,201588,George Hill,George,Hill,True
211,1630792,Malcolm Hill,Malcolm,Hill,True
212,1628988,Aaron Holiday,Aaron,Holiday,True
213,201950,Jrue Holiday,Jrue,Holiday,True
214,203200,Justin Holiday,Justin,Holiday,True
215,1626158,Richaun Holmes,Richaun,Holmes,True
216,1631096,Chet Holmgren,Chet,Holmgren,True
217,201143,Al Horford,Al,Horford,True
218,1629659,Talen Horton-Tucker,Talen,Horton-Tucker,True
219,1627863,Danuel House Jr.,Danuel,House Jr.,True
220,1631216,Caleb Houstan,Caleb,Houstan,True
221,1631309,Trevor Hudgins,Trevor,Hudgins,True
222,1628989,Kevin Huerter,Kevin,Huerter,True
223,1630643,Jay Huff,Jay,Huff,True
224,1629631,De'Andre Hunter,De'Andre,Hunter,True
225,1630538,Bones Hyland,Bones,Hyland,True
226,201586,Serge Ibaka,Serge,Ibaka,True
227,2738,Andre Iguodala,Andre,Iguodala,True
228,204060,Joe Ingles,Joe,Ingles,True
229,1627742,Brandon Ingram,Brandon,Ingram,True
230,202681,Kyrie Irving,Kyrie,Irving,True
231,1628371,Jonathan Isaac,Jonathan,Isaac,True
232,1631093,Jaden Ivey,Jaden,Ivey,True
233,1628402,Frank Jackson,Frank,Jackson,True
234,1630543,Isaiah Jackson,Isaiah,Jackson,True
235,1628382,Justin Jackson,Justin,Jackson,True
236,1631245,Quenton Jackson,Quenton,Jackson,True
237,202704,Reggie Jackson,Reggie,Jackson,True
238,1628991,Jaren Jackson Jr.,Jaren,Jackson Jr.,True
239,2544,LeBron James,LeBron,James,True
240,1629610,DaQuan Jeffries,DaQuan,Jeffries,True
241,1629660,Ty Jerome,Ty,Jerome,True
242,1630198,Isaiah Joe,Isaiah,Joe,True
243,1628993,Alize Johnson,Alize,Johnson,True
244,1629661,Cameron Johnson,Cameron,Johnson,True
245,1630552,Jalen Johnson,Jalen,Johnson,True
246,201949,James Johnson,James,Johnson,True
247,1629640,Keldon Johnson,Keldon,Johnson,True
248,1630553,Keon Johnson,Keon,Johnson,True
249,1626169,Stanley Johnson,Stanley,Johnson,True
250,203999,Nikola Jokic,Nikola,Jokic,True
251,1630637,Carlik Jones,Carlik,Jones,True
252,1627745,Damian Jones,Damian,Jones,True
253,1630529,Herbert Jones,Herbert,Jones,True
254,1630539,Kai Jones,Kai,Jones,True
255,1630200,Tre Jones,Tre,Jones,True
256,1626145,Tyus Jones,Tyus,Jones,True
257,1627884,Derrick Jones Jr.,Derrick,Jones Jr.,True
258,201599,DeAndre Jordan,DeAndre,Jordan,True
259,202709,Cory Joseph,Cory,Joseph,True
260,1631107,Nikola Jovic,Nikola,Jovic,True
261,1630548,Johnny Juzang,Johnny,Juzang,True
262,1629662,Mfiondu Kabengele,Mfiondu,Kabengele,True
263,1626163,Frank Kaminsky,Frank,Kaminsky,True
264,1631211,Trevor Keels,Trevor,Keels,True
265,1628379,Luke Kennard,Luke,Kennard,True
266,1631117,Walker Kessler,Walker,Kessler,True
267,1630296,Braxton Key,Braxton,Key,True
268,1629663,Louis King,Louis,King,True
269,1630557,Corey Kispert,Corey,Kispert,True
270,1628467,Maxi Kleber,Maxi,Kleber,True
271,1630233,Nathan Knight,Nathan,Knight,True
272,1628995,Kevin Knox II,Kevin,Knox II,True
273,1631132,Christian Koloko,Christian,Koloko,True
274,1629723,John Konchar,John,Konchar,True
275,1627788,Furkan Korkmaz,Furkan,Korkmaz,True
276,1628436,Luke Kornet,Luke,Kornet,True
277,1630249,Vit Krejci,Vit,Krejci,True
278,1630228,Jonathan Kuminga,Jonathan,Kuminga,True
279,1628398,Kyle Kuzma,Kyle,Kuzma,True
280,1631222,Jake LaRavia,Jake,LaRavia,True
281,203897,Zach LaVine,Zach,LaVine,True
282,1630237,Anthony Lamb,Anthony,Lamb,True
283,1629111,Jock Landale,Jock,Landale,True
284,1629641,Romeo Langford,Romeo,Langford,True
285,1630639,A.J. Lawson,A.J.,Lawson,True
286,1627747,Caris LeVert,Caris,LeVert,True
287,1627814,Damion Lee,Damion,Lee,True
288,1630240,Saben Lee,Saben,Lee,True
289,203458,Alex Len,Alex,Len,True
290,202695,Kawhi Leonard,Kawhi,Leonard,True
291,203086,Meyers Leonard,Meyers,Leonard,True
292,1631171,Justin Lewis,Justin,Lewis,True
293,1630184,Kira Lewis Jr.,Kira,Lewis Jr.,True
294,1630604,E.J. Liddell,E.J.,Liddell,True
295,203081,Damian Lillard,Damian,Lillard,True
296,1629642,Nassir Little,Nassir,Little,True
297,1630587,Isaiah Livers,Isaiah,Livers,True
298,1631254,Kenneth Lofton Jr.,Kenneth,Lofton Jr.,True
299,1626172,Kevon Looney,Kevon,Looney,True
300,201572,Brook Lopez,Brook,Lopez,True
301,201577,Robin Lopez,Robin,Lopez,True
302,201567,Kevin Love,Kevin,Love,True
303,200768,Kyle Lowry,Kyle,Lowry,True
304,1626168,Trey Lyles,Trey,Lyles,True
305,1630177,Theo Maledon,Theo,Maledon,True
306,1630572,Sandro Mamukelashvili,Sandro,Mamukelashvili,True
307,1629611,Terance Mann,Terance,Mann,True
308,1630544,Tre Mann,Tre,Mann,True
309,1626246,Boban Marjanovic,Boban,Marjanovic,True
310,1628374,Lauri Markkanen,Lauri,Markkanen,True
311,1630230,Naji Marshall,Naji,Marshall,True
312,1628997,Caleb Martin,Caleb,Martin,True
313,1628998,Cody Martin,Cody,Martin,True
314,1631213,Tyrese Martin,Tyrese,Martin,True
315,1630231,Kenyon Martin Jr.,Kenyon,Martin Jr.,True
316,1629726,Garrison Mathews,Garrison,Mathews,True
317,1631097,Bennedict Mathurin,Bennedict,Mathurin,True
318,202083,Wesley Matthews,Wesley,Matthews,True
319,1630178,Tyrese Maxey,Tyrese,Maxey,True
320,1630540,Miles McBride,Miles,McBride,True
321,1630644,Mac McClung,Mac,McClung,True
322,203468,CJ McCollum,CJ,McCollum,True
323,204456,T.J. McConnell,T.J.,McConnell,True
324,1630183,Jaden McDaniels,Jaden,McDaniels,True
325,1629667,Jalen McDaniels,Jalen,McDaniels,True
326,203926,Doug McDermott,Doug,McDermott,True
327,201580,JaVale McGee,JaVale,McGee,True
328,1631121,Bryce McGowens,Bryce,McGowens,True
329,203585,Rodney McGruder,Rodney,McGruder,True
330,1629162,Jordan McLaughlin,Jordan,McLaughlin,True
331,1629001,De'Anthony Melton,De'Anthony,Melton,True
332,1630241,Sam Merrill,Sam,Merrill,True
333,1629002,Chimezie Metu,Chimezie,Metu,True
334,203114,Khris Middleton,Khris,Middleton,True
335,201988,Patty Mills,Patty,Mills,True
336,1629003,Shake Milton,Shake,Milton,True
337,1631169,Josh Minott,Josh,Minott,True
338,1630558,Davion Mitchell,Davion,Mitchell,True
339,1628378,Donovan Mitchell,Donovan,Mitchell,True
340,1630596,Evan Mobley,Evan,Mobley,True
341,1630600,Isaiah Mobley,Isaiah,Mobley,True
342,1631320,Chima Moneke,Chima,Moneke,True
343,1628370,Malik Monk,Malik,Monk,True
344,1630541,Moses Moody,Moses,Moody,True
345,1629875,Xavier Moon,Xavier,Moon,True
346,1631111,Wendell Moore Jr.,Wendell,Moore Jr.,True
347,1629630,Ja Morant,Ja,Morant,True
348,202693,Markieff Morris,Markieff,Morris,True
349,1628420,Monte Morris,Monte,Morris,True
350,202694,Marcus Morris Sr.,Marcus,Morris Sr.,True
351,1630530,Trey Murphy III,Trey,Murphy III,True
352,1627749,Dejounte Murray,Dejounte,Murray,True
353,1627750,Jamal Murray,Jamal,Murray,True
354,1631099,Keegan Murray,Keegan,Murray,True
355,203488,Mike Muscala,Mike,Muscala,True
356,1629004,Svi Mykhailiuk,Svi,Mykhailiuk,True
357,1626204,Larry Nance Jr.,Larry,Nance Jr.,True
358,1629614,Andrew Nembhard,Andrew,Nembhard,True
359,1630174,Aaron Nesmith,Aaron,Nesmith,True
360,203526,Raul Neto,Raul,Neto,True
361,1627777,Georges Niang,Georges,Niang,True
362,1630227,Daishen Nix,Daishen,Nix,True
363,1630192,Zeke Nnaji,Zeke,Nnaji,True
364,203457,Nerlens Noel,Nerlens,Noel,True
365,1629669,Jaylen Nowell,Jaylen,Nowell,True
366,1628373,Frank Ntilikina,Frank,Ntilikina,True
367,1629134,Kendrick Nunn,Kendrick,Nunn,True
368,203994,Jusuf Nurkic,Jusuf,Nurkic,True
369,1629670,Jordan Nwora,Jordan,Nwora,True
370,1626220,Royce O'Neale,Royce,O'Neale,True
371,1629643,Chuma Okeke,Chuma,Okeke,True
372,1629006,Josh Okogie,Josh,Okogie,True
373,1630168,Onyeka Okongwu,Onyeka,Okongwu,True
374,1630171,Isaac Okoro,Isaac,Okoro,True
375,1629644,KZ Okpala,KZ,Okpala,True
376,203506,Victor Oladipo,Victor,Oladipo,True
377,203482,Kelly Olynyk,Kelly,Olynyk,True
378,1630647,Eugene Omoruyi,Eugene,Omoruyi,True
379,1626224,Cedi Osman,Cedi,Osman,True
380,1626162,Kelly Oubre Jr.,Kelly,Oubre Jr.,True
381,101108,Chris Paul,Chris,Paul,True
382,1626166,Cameron Payne,Cameron,Payne,True
383,1627780,Gary Payton II,Gary,Payton II,True
384,1629033,Theo Pinson,Theo,Pinson,True
385,1630590,Scotty Pippen Jr.,Scotty,Pippen Jr.,True
386,203486,Mason Plumlee,Mason,Plumlee,True
387,1627751,Jakob Poeltl,Jakob,Poeltl,True
388,1630197,Aleksej Pokusevski,Aleksej,Pokusevski,True
389,1629673,Jordan Poole,Jordan,Poole,True
390,1629645,Kevin Porter Jr.,Kevin,Porter Jr.,True
391,1629008,Michael Porter Jr.,Michael,Porter Jr.,True
392,203490,Otto Porter Jr.,Otto,Porter Jr.,True
393,1626171,Bobby Portis,Bobby,Portis,True
394,204001,Kristaps Porzingis,Kristaps,Porzingis,True
395,1630695,Micah Potter,Micah,Potter,True
396,203939,Dwight Powell,Dwight,Powell,True
397,1626181,Norman Powell,Norman,Powell,True
398,1630554,Jason Preston,Jason,Preston,True
399,1630563,Joshua Primo,Joshua,Primo,True
400,1627752,Taurean Prince,Taurean,Prince,True
401,1630202,Payton Pritchard,Payton,Pritchard,True
402,1630243,Trevelin Queen,Trevelin,Queen,True
403,1629674,Neemias Queta,Neemias,Queta,True
404,1630193,Immanuel Quickley,Immanuel,Quickley,True
405,1631311,Lester Quinones,Lester,Quinones,True
406,203944,Julius Randle,Julius,Randle,True
407,1630559,Austin Reaves,Austin,Reaves,True
408,1629629,Cam Reddish,Cam,Reddish,True
409,1628432,Davon Reed,Davon,Reed,True
410,1630194,Paul Reed,Paul,Reed,True
411,1629675,Naz Reid,Naz,Reid,True
412,1631197,Jared Rhoden,Jared,Rhoden,True
413,1630208,Nick Richards,Nick,Richards,True
414,1626196,Josh Richardson,Josh,Richardson,True
415,203085,Austin Rivers,Austin,Rivers,True
416,1629130,Duncan Robinson,Duncan,Robinson,True
417,1629011,Mitchell Robinson,Mitchell,Robinson,True
418,1631115,Orlando Robinson,Orlando,Robinson,True
419,1630526,Jeremiah Robinson-Earl,Jeremiah,Robinson-Earl,True
420,1629676,Isaiah Roby,Isaiah,Roby,True
421,1631223,David Roddy,David,Roddy,True
422,1631157,Ryan Rollins,Ryan,Rollins,True
423,201565,Derrick Rose,Derrick,Rose,True
424,203082,Terrence Ross,Terrence,Ross,True
425,1626179,Terry Rozier,Terry,Rozier,True
426,201937,Ricky Rubio,Ricky,Rubio,True
427,1626156,D'Angelo Russell,D'Angelo,Russell,True
428,1630346,Matt Ryan,Matt,Ryan,True
429,1627734,Domantas Sabonis,Domantas,Sabonis,True
430,203967,Dario Saric,Dario,Saric,True
431,1630846,Olivier Sarr,Olivier,Sarr,True
432,1630648,Jordan Schakel,Jordan,Schakel,True
433,1629678,Admiral Schofield,Admiral,Schofield,True
434,203471,Dennis Schroder,Dennis,Schroder,True
435,1631220,Dereon Seabron,Dereon,Seabron,True
436,1630578,Alperen Sengun,Alperen,Sengun,True
437,1629012,Collin Sexton,Collin,Sexton,True
438,1629013,Landry Shamet,Landry,Shamet,True
439,1630549,Day'Ron Sharpe,Day'Ron,Sharpe,True
440,1631101,Shaedon Sharpe,Shaedon,Sharpe,True
441,1627783,Pascal Siakam,Pascal,Siakam,True
442,1629735,Chris Silva,Chris,Silva,True
443,1627732,Ben Simmons,Ben,Simmons,True
444,1630250,Marko Simonovic,Marko,Simonovic,True
445,1629014,Anfernee Simons,Anfernee,Simons,True
446,1630579,Jericho Sims,Jericho,Sims,True
447,203935,Marcus Smart,Marcus,Smart,True
448,1630696,Dru Smith,Dru,Smith,True
449,202397,Ish Smith,Ish,Smith,True
450,1630188,Jalen Smith,Jalen,Smith,True
451,1628372,Dennis Smith Jr.,Dennis,Smith Jr.,True
452,1631095,Jabari Smith Jr.,Jabari,Smith Jr.,True
453,1631110,Jeremy Sochan,Jeremy,Sochan,True
454,1630531,Jaden Springer,Jaden,Springer,True
455,1630205,Lamar Stevens,Lamar,Stevens,True
456,1630191,Isaiah Stewart,Isaiah,Stewart,True
457,1629622,Max Strus,Max,Strus,True
458,1630591,Jalen Suggs,Jalen,Suggs,True
459,1628410,Edmond Sumner,Edmond,Sumner,True
460,1631306,Cole Swider,Cole,Swider,True
461,1630256,Jae'Sean Tate,Jae'Sean,Tate,True
462,1628369,Jayson Tatum,Jayson,Tatum,True
463,1630678,Terry Taylor,Terry,Taylor,True
464,202066,Garrett Temple,Garrett,Temple,True
465,1631207,Dalen Terry,Dalen,Terry,True
466,1628464,Daniel Theis,Daniel,Theis,True
467,1630560,Cam Thomas,Cam,Thomas,True
468,202691,Klay Thompson,Klay,Thompson,True
469,1630550,JT Thor,JT,Thor,True
470,1629680,Matisse Thybulle,Matisse,Thybulle,True
471,1630214,Xavier Tillman,Xavier,Tillman,True
472,1630225,Isaiah Todd,Isaiah,Todd,True
473,1630167,Obi Toppin,Obi,Toppin,True
474,1629308,Juan Toscano-Anderson,Juan,Toscano-Anderson,True
475,1626157,Karl-Anthony Towns,Karl-Anthony,Towns,True
476,1629018,Gary Trent Jr.,Gary,Trent Jr.,True
477,200782,P.J. Tucker,P.J.,Tucker,True
478,1626167,Myles Turner,Myles,Turner,True
479,1630649,Stanley Umude,Stanley,Umude,True
480,202685,Jonas Valanciunas,Jonas,Valanciunas,True
481,1627832,Fred VanVleet,Fred,VanVleet,True
482,1629020,Jarred Vanderbilt,Jarred,Vanderbilt,True
483,1630170,Devin Vassell,Devin,Vassell,True
484,1629216,Gabe Vincent,Gabe,Vincent,True
485,203943,Noah Vonleh,Noah,Vonleh,True
486,202696,Nikola Vucevic,Nikola,Vucevic,True
487,1629731,Dean Wade,Dean,Wade,True
488,1630532,Franz Wagner,Franz,Wagner,True
489,1629021,Moritz Wagner,Moritz,Wagner,True
490,1630688,Ish Wainright,Ish,Wainright,True
491,1631133,Jabari Walker,Jabari,Walker,True
492,202689,Kemba Walker,Kemba,Walker,True
493,1629022,Lonnie Walker IV,Lonnie,Walker IV,True
494,202322,John Wall,John,Wall,True
495,203933,T.J. Warren,T.J.,Warren,True
496,1629023,P.J. Washington,P.J.,Washington,True
497,1630613,Duane Washington Jr.,Duane,Washington Jr.,True
498,1631102,TyTy Washington Jr.,TyTy,Washington Jr.,True
499,1629139,Yuta Watanabe,Yuta,Watanabe,True
500,1630322,Lindy Waters III,Lindy,Waters III,True
501,1630570,Trendon Watford,Trendon,Watford,True
502,1631212,Peyton Watson,Peyton,Watson,True
503,1631104,Blake Wesley,Blake,Wesley,True
504,201566,Russell Westbrook,Russell,Westbrook,True
505,1629632,Coby White,Coby,White,True
506,1628401,Derrick White,Derrick,White,True
507,1631298,Jack White,Jack,White,True
508,1630580,Joe Wieskamp,Joe,Wieskamp,True
509,1630598,Aaron Wiggins,Aaron,Wiggins,True
510,203952,Andrew Wiggins,Andrew,Wiggins,True
511,1629623,Lindell Wigginton,Lindell,Wigginton,True
512,1631214,Alondes Williams,Alondes,Williams,True
513,1631495,Donovan Williams,Donovan,Williams,True
514,1629684,Grant Williams,Grant,Williams,True
515,1631114,Jalen Williams,Jalen,Williams,True
516,1631119,Jaylin Williams,Jaylin,Williams,True
517,1629026,Kenrich Williams,Kenrich,Williams,True
518,1631109,Mark Williams,Mark,Williams,True
519,1630172,Patrick Williams,Patrick,Williams,True
520,1630533,Ziaire Williams,Ziaire,Williams,True
521,1629057,Robert Williams III,Robert,Williams III,True
522,1631246,Vince Williams Jr.,Vince,Williams Jr.,True
523,1629627,Zion Williamson,Zion,Williamson,True
524,1629685,Dylan Windler,Dylan,Windler,True
525,1626159,Justise Winslow,Justise,Winslow,True
526,1630164,James Wiseman,James,Wiseman,True
527,1626174,Christian Wood,Christian,Wood,True
528,1626153,Delon Wright,Delon,Wright,True
529,1630593,McKinley Wright IV,McKinley,Wright IV,True
530,201152,Thaddeus Young,Thaddeus,Young,True
531,1629027,Trae Young,Trae,Young,True
532,1630209,Omer Yurtseven,Omer,Yurtseven,True
533,203469,Cody Zeller,Cody,Zeller,True
534,1627826,Ivica Zubac,Ivica,Zubac,True
